,step,value,seed,curve_id
0,0.004096,0.00155087032918151,0,Asterix
1,0.22528,0.0168753893444709,0,Asterix
2,0.418816,0.0330011910377855,0,Asterix
3,0.63488,0.0573772904905466,0,Asterix
4,0.841728,0.102090769054538,0,Asterix
5,1.016832,0.145539320897592,0,Asterix
6,1.21344,0.182323984421159,0,Asterix
7,1.405952,0.210578870895783,0,Asterix
8,1.598464,0.223800025321645,0,Asterix
9,1.772544,0.228171536059229,0,Asterix
10,1.965056,0.243791690280106,0,Asterix
11,2.164736,0.250029089747145,0,Asterix
12,2.371584,0.259465155607539,0,Asterix
13,2.576384,0.272153198967841,0,Asterix
14,2.809856,0.279403509459443,0,Asterix
15,3.021824,0.291238575114852,0,Asterix
16,3.232768,0.297529285688447,0,Asterix
17,3.436544,0.304513040647269,0,Asterix
18,3.623936,0.311976595565095,0,Asterix
19,3.8144,0.309257729130744,0,Asterix
20,4.009984,0.313042817696213,0,Asterix
21,4.182016,0.326263972122074,0,Asterix
22,4.36736,0.332074882736667,0,Asterix
23,4.576256,0.346682125932982,0,Asterix
24,4.789248,0.356544680645823,0,Asterix
25,4.965376,0.35878374712117,0,Asterix
26,5.149696,0.360009902571956,0,Asterix
27,5.37088,0.3599565914654,0,Asterix
28,5.564416,0.366887035317666,0,Asterix
29,5.76512,0.371205234948693,0,Asterix
30,5.95456,0.386398900317123,0,Asterix
31,6.15424,0.388851211218695,0,Asterix
32,6.341632,0.395461788431626,0,Asterix
33,6.56896,0.39631476613652,0,Asterix
34,6.770688,0.379894945317304,0,Asterix
35,6.985728,0.392263122038272,0,Asterix
36,7.169024,0.387251878022018,0,Asterix
37,7.370752,0.400792899087215,0,Asterix
38,7.575552,0.41540014228353,0,Asterix
39,7.769088,0.411561742611506,0,Asterix
40,7.981056,0.41865211978344,0,Asterix
41,8.182784,0.415720008922865,0,Asterix
42,8.38656,0.419025297529331,0,Asterix
43,8.587264,0.432086518635525,0,Asterix
44,8.792064,0.434218962897761,0,Asterix
45,8.997888,0.435605051668214,0,Asterix
46,9.198592,0.442002384454921,0,Asterix
47,9.396224,0.430807052078184,0,Asterix
48,9.59488,0.436031540520661,0,Asterix
49,9.775104,0.441949073348366,0,Asterix
50,9.957376,0.434112340684649,0,Asterix
51,10.145792,0.440189806832021,0,Asterix
52,10.349568,0.439656695766462,0,Asterix
53,10.545152,0.439763317979574,0,Asterix
54,10.768384,0.436831207119,0,Asterix
55,10.953728,0.450212294864529,0,Asterix
56,11.1616,0.446427206299061,0,Asterix
57,11.360256,0.445520917487611,0,Asterix
58,11.556864,0.455863272159454,0,Asterix
59,11.76576,0.447333495110511,0,Asterix
60,11.984896,0.456769560970904,0,Asterix
61,12.184576,0.463806627036282,0,Asterix
62,12.363776,0.470523826462325,0,Asterix
63,12.567552,0.47409567060157,0,Asterix
64,12.755968,0.476228114863806,0,Asterix
65,12.950528,0.472389715191781,0,Asterix
66,13.174784,0.472443026298337,0,Asterix
67,13.39392,0.47201653744589,0,Asterix
68,13.581312,0.467698337814863,0,Asterix
69,13.785088,0.464499671421509,0,Asterix
70,13.98272,0.463273515970723,0,Asterix
71,14.168064,0.46876455994598,0,Asterix
72,14.38208,0.483585047568519,0,Asterix
73,14.580736,0.488702913797885,0,Asterix
74,14.782464,0.494247268879698,0,Asterix
75,14.963712,0.489449269289668,0,Asterix
76,15.173632,0.484331403060302,0,Asterix
77,15.381504,0.490728735847009,0,Asterix
78,15.593472,0.489715824822447,0,Asterix
79,15.792128,0.496859513100937,0,Asterix
80,15.98976,0.494193957773142,0,Asterix
81,16.206848,0.485984047363534,0,Asterix
82,16.411648,0.488436358265106,0,Asterix
83,16.585728,0.484171469740634,0,Asterix
84,16.797696,0.485557558511087,0,Asterix
85,16.990208,0.492701246789577,0,Asterix
86,17.195008,0.493607535601027,0,Asterix
87,17.385472,0.499951557281179,0,Asterix
88,17.584128,0.499365135109064,0,Asterix
89,17.815552,0.496752890887825,0,Asterix
90,18.018304,0.492488002363354,0,Asterix
91,18.2016,0.494407202199366,0,Asterix
92,18.40128,0.517650844657736,0,Asterix
93,18.594816,0.520369711092086,0,Asterix
94,18.786304,0.516478000313506,0,Asterix
95,18.988032,0.518450511256074,0,Asterix
96,19.171328,0.50837471211701,0,Asterix
97,19.356672,0.512692911748038,0,Asterix
98,19.554304,0.524101488550999,0,Asterix
99,19.78368,0.514398867157826,0,Asterix
100,0.004096,0.0223906647534757,8,Asterix
101,0.22528,0.0336926193433253,8,Asterix
102,0.418816,0.0452078183593985,8,Asterix
103,0.63488,0.0637600834408498,8,Asterix
104,0.841728,0.0911086811040237,8,Asterix
105,1.016832,0.116591390037741,8,Asterix
106,1.21344,0.139515165856776,8,Asterix
107,1.405952,0.152683009176082,8,Asterix
108,1.598464,0.170808785405086,8,Asterix
109,1.772544,0.176673007126234,8,Asterix
110,1.965056,0.181257762290041,8,Asterix
111,2.164736,0.183603450978501,8,Asterix
112,2.371584,0.188348139461975,8,Asterix
113,2.576384,0.206473915690979,8,Asterix
114,2.809856,0.223266914256086,8,Asterix
115,3.021824,0.239260246222855,8,Asterix
116,3.232768,0.247470156632462,8,Asterix
117,3.436544,0.252108222902825,8,Asterix
118,3.623936,0.256266489214185,8,Asterix
119,3.8144,0.25658635585352,8,Asterix
120,4.009984,0.263783355238566,8,Asterix
121,4.182016,0.264583021836905,8,Asterix
122,4.36736,0.262130710935333,8,Asterix
123,4.576256,0.26879459925482,8,Asterix
124,4.789248,0.260797933271436,8,Asterix
125,4.965376,0.262663822000892,8,Asterix
126,5.149696,0.264849577369684,8,Asterix
127,5.37088,0.270393932451497,8,Asterix
128,5.564416,0.274338954336633,8,Asterix
129,5.76512,0.275458487574307,8,Asterix
130,5.95456,0.281855820361014,8,Asterix
131,6.15424,0.273645909951407,8,Asterix
132,6.341632,0.275831665320198,8,Asterix
133,6.56896,0.274872065402192,8,Asterix
134,6.770688,0.274498887656301,8,Asterix
135,6.985728,0.28516110896748,8,Asterix
136,7.169024,0.290065730770622,8,Asterix
137,7.370752,0.297529285688447,8,Asterix
138,7.575552,0.292144863926302,8,Asterix
139,7.769088,0.290812086262405,8,Asterix
140,7.981056,0.288519708680501,8,Asterix
141,8.182784,0.285854153352706,8,Asterix
142,8.38656,0.292518041672193,8,Asterix
143,8.587264,0.296676307983553,8,Asterix
144,8.792064,0.299715041057239,8,Asterix
145,8.997888,0.302753774130925,8,Asterix
146,9.198592,0.3093110402373,8,Asterix
147,9.396224,0.309364351343856,8,Asterix
148,9.59488,0.318213995032134,8,Asterix
149,9.775104,0.320986172573041,8,Asterix
150,9.957376,0.320772928146817,8,Asterix
151,10.145792,0.324984505564733,8,Asterix
152,10.349568,0.317520950646908,8,Asterix
153,10.545152,0.319546772696032,8,Asterix
154,10.768384,0.316721284048569,8,Asterix
155,10.953728,0.317201084007572,8,Asterix
156,11.1616,0.323491794581168,8,Asterix
157,11.360256,0.321146105892709,8,Asterix
158,11.556864,0.329942438474431,8,Asterix
159,11.76576,0.328289794171198,8,Asterix
160,11.984896,0.321892461384491,8,Asterix
161,12.184576,0.325197749990957,8,Asterix
162,12.363776,0.321039483679597,8,Asterix
163,12.567552,0.313256062122436,8,Asterix
164,12.755968,0.321146105892709,8,Asterix
165,12.950528,0.326477216548298,8,Asterix
166,13.174784,0.328876216343313,8,Asterix
167,13.39392,0.333994082572679,8,Asterix
168,13.581312,0.334953682490685,8,Asterix
169,13.785088,0.333034482654673,8,Asterix
170,13.98272,0.330688793966214,8,Asterix
171,14.168064,0.329462638515428,8,Asterix
172,14.38208,0.326050727695851,8,Asterix
173,14.580736,0.322052394704159,8,Asterix
174,14.782464,0.320239817081258,8,Asterix
175,14.963712,0.321412661425488,8,Asterix
176,15.173632,0.327969927531863,8,Asterix
177,15.381504,0.331861638310443,8,Asterix
178,15.593472,0.337246060072589,8,Asterix
179,15.792128,0.345882459334644,8,Asterix
180,15.98976,0.33969837097416,8,Asterix
181,16.206848,0.341404326383948,8,Asterix
182,16.411648,0.337885793351259,8,Asterix
183,16.585728,0.331275216138329,8,Asterix
184,16.797696,0.329995749580987,8,Asterix
185,16.990208,0.332714616015338,8,Asterix
186,17.195008,0.339378504334825,8,Asterix
187,17.385472,0.342257304088843,8,Asterix
188,17.584128,0.3477483480641,8,Asterix
189,17.815552,0.345296037162529,8,Asterix
190,18.018304,0.340711281998722,8,Asterix
191,18.2016,0.343483459539628,8,Asterix
192,18.40128,0.339111948802045,8,Asterix
193,18.594816,0.334527193638238,8,Asterix
194,18.786304,0.335700037982468,8,Asterix
195,18.988032,0.336659637900474,8,Asterix
196,19.171328,0.339218571015157,8,Asterix
197,19.356672,0.341884126342952,8,Asterix
198,19.554304,0.345455970482196,8,Asterix
199,19.78368,0.338685459949598,8,Asterix
200,0.004096,0.0201059011845935,16,Asterix
201,0.22528,0.0246601937886119,16,Asterix
202,0.418816,0.0296612836182698,16,Asterix
203,0.63488,0.0411714055410449,16,Asterix
204,0.841728,0.0598683726622695,16,Asterix
205,1.016832,0.0814593708174068,16,Asterix
206,1.21344,0.107954990775686,16,Asterix
207,1.405952,0.125121167086684,16,Asterix
208,1.598464,0.14063469909445,16,Asterix
209,1.772544,0.154868764544874,16,Asterix
210,1.965056,0.160306497413575,16,Asterix
211,2.164736,0.166543896880614,16,Asterix
212,2.371584,0.16984918548708,16,Asterix
213,2.576384,0.172727985241098,16,Asterix
214,2.809856,0.175446851675449,16,Asterix
215,3.021824,0.182377295527715,16,Asterix
216,3.232768,0.19191998360122,16,Asterix
217,3.436544,0.19607824991258,16,Asterix
218,3.623936,0.207753382248321,16,Asterix
219,3.8144,0.212924559584243,16,Asterix
220,4.009984,0.216976203682491,16,Asterix
221,4.182016,0.224226514174092,16,Asterix
222,4.36736,0.22945100261657,16,Asterix
223,4.576256,0.235048668804939,16,Asterix
224,4.789248,0.244964534624335,16,Asterix
225,4.965376,0.24880293429636,16,Asterix
226,5.149696,0.251095311878263,16,Asterix
227,5.37088,0.251255245197931,16,Asterix
228,5.564416,0.24853637876358,16,Asterix
229,5.76512,0.252108222902825,16,Asterix
230,5.95456,0.251948289583158,16,Asterix
231,6.15424,0.256906222492856,16,Asterix
232,6.341632,0.25775920019775,16,Asterix
233,6.56896,0.259998266673098,16,Asterix
234,6.770688,0.262557199787781,16,Asterix
235,6.985728,0.262663822000892,16,Asterix
236,7.169024,0.267301888271255,16,Asterix
237,7.370752,0.270927043517056,16,Asterix
238,7.575552,0.27385915437763,16,Asterix
239,7.769088,0.2726863100334,16,Asterix
240,7.981056,0.267195266058143,16,Asterix
241,8.182784,0.260691311058324,16,Asterix
242,8.38656,0.25775920019775,16,Asterix
243,8.587264,0.26165091097633,16,Asterix
244,8.792064,0.263463488599231,16,Asterix
245,8.997888,0.269167777000711,16,Asterix
246,9.198592,0.269914132492494,16,Asterix
247,9.396224,0.271993265648174,16,Asterix
248,9.59488,0.27503199872186,16,Asterix
249,9.775104,0.271406843476059,16,Asterix
250,9.957376,0.275191932041527,16,Asterix
251,10.145792,0.273752532164518,16,Asterix
252,10.349568,0.276897887451316,16,Asterix
253,10.545152,0.279243576139775,16,Asterix
254,10.768384,0.27982999831189,16,Asterix
255,10.953728,0.281535953721679,16,Asterix
256,11.1616,0.279083642820108,16,Asterix
257,11.360256,0.274925376508748,16,Asterix
258,11.556864,0.275778354213642,16,Asterix
259,11.76576,0.277644242943099,16,Asterix
260,11.984896,0.276897887451316,16,Asterix
261,12.184576,0.285747531139595,16,Asterix
262,12.363776,0.284734620115033,16,Asterix
263,12.567552,0.283241909131468,16,Asterix
264,12.755968,0.286813753270712,16,Asterix
265,12.950528,0.282708798065909,16,Asterix
266,13.174784,0.282922042492132,16,Asterix
267,13.39392,0.288786264213281,16,Asterix
268,13.581312,0.292837908311529,16,Asterix
269,13.785088,0.294650485934429,16,Asterix
270,13.98272,0.297422663475335,16,Asterix
271,14.168064,0.294703797040985,16,Asterix
272,14.38208,0.286867064377268,16,Asterix
273,14.580736,0.286493886631377,16,Asterix
274,14.782464,0.285907464459262,16,Asterix
275,14.963712,0.284414753475697,16,Asterix
276,15.173632,0.289799175237843,16,Asterix
277,15.381504,0.291611752860743,16,Asterix
278,15.593472,0.288306464254278,16,Asterix
279,15.792128,0.288519708680501,16,Asterix
280,15.98976,0.288679642000169,16,Asterix
281,16.206848,0.290918708475516,16,Asterix
282,16.411648,0.293744197122979,16,Asterix
283,16.585728,0.294917041467208,16,Asterix
284,16.797696,0.293104463844308,16,Asterix
285,16.990208,0.290918708475516,16,Asterix
286,17.195008,0.292198175032858,16,Asterix
287,17.385472,0.293424330483643,16,Asterix
288,17.584128,0.297849152327783,16,Asterix
289,17.815552,0.298595507819565,16,Asterix
290,18.018304,0.300674640975245,16,Asterix
291,18.2016,0.296729619090109,16,Asterix
292,18.40128,0.291451819541075,16,Asterix
293,18.594816,0.293157774950864,16,Asterix
294,18.786304,0.291398508434519,16,Asterix
295,18.988032,0.293264397163976,16,Asterix
296,19.171328,0.296676307983553,16,Asterix
297,19.356672,0.293637574909867,16,Asterix
298,19.554304,0.291291886221408,16,Asterix
299,19.78368,0.294810419254097,16,Asterix
300,0.01536,0.00322580645161295,16,Tennis
301,0.234496,-0.000118021811208372,16,Tennis
302,0.428032,0.0120053116993239,16,Tennis
303,0.643072,0.0373910657821163,16,Tennis
304,0.84992,0.0798257889286165,16,Tennis
305,1.027072,0.144085348806074,16,Tennis
306,1.222656,0.212925591007356,16,Tennis
307,1.415168,0.275667547410534,16,Tennis
308,1.60768,0.326781199055333,16,Tennis
309,1.782784,0.34064516252087,16,Tennis
310,1.973248,0.300161287861486,16,Tennis
311,2.174976,0.251129015030399,16,Tennis
312,2.381824,0.20258065500567,16,Tennis
313,2.5856,0.179193576689689,16,Tennis
314,2.817024,0.211451641205818,16,Tennis
315,3.03104,0.253871013272193,16,Tennis
316,3.243008,0.308064540739982,16,Tennis
317,3.444736,0.369677439043599,16,Tennis
318,3.633152,0.439516147490471,16,Tennis
319,3.82464,0.519354854091521,16,Tennis
320,4.0192,0.612580671618062,16,Tennis
321,4.192256,0.717096793267035,16,Tennis
322,4.3776,0.812580665465324,16,Tennis
323,4.584448,0.904516146259923,16,Tennis
324,4.799488,0.99274194932753,16,Tennis
325,4.974592,1.06354839878698,16,Tennis
326,5.158912,1.13500000123055,16,Tennis
327,5.379072,1.20677419170257,16,Tennis
328,5.572608,1.26161289907271,16,Tennis
329,5.771264,1.3214516093654,16,Tennis
330,5.962752,1.37387096804957,16,Tennis
331,6.163456,1.41241935491562,16,Tennis
332,6.350848,1.44661290434099,16,Tennis
333,6.577152,1.46790322584491,16,Tennis
334,6.777856,1.48258064466138,16,Tennis
335,6.992896,1.4898387099466,16,Tennis
336,7.174144,1.49612903229652,16,Tennis
337,7.378944,1.50290322611409,16,Tennis
338,7.581696,1.50838709665883,16,Tennis
339,7.774208,1.51387096768425,16,Tennis
340,7.989248,1.5172580643527,16,Tennis
341,8.190976,1.51870967707326,16,Tennis
342,8.393728,1.52016129027451,16,Tennis
343,8.595456,1.52209677422239,16,Tennis
344,8.79616,1.5235483871833,16,Tennis
345,9.003008,1.52532258084224,16,Tennis
346,9.204736,1.52677419368298,16,Tennis
347,9.402368,1.52612903228691,16,Tennis
348,9.598976,1.52564516129994,16,Tennis
349,9.778176,1.525483871011,16,Tennis
350,9.961472,1.52564516129994,16,Tennis
351,10.151936,1.52709677426084,16,Tennis
352,10.355712,1.52806451623478,16,Tennis
353,10.551296,1.52838709681265,16,Tennis
354,10.775552,1.52838709681265,16,Tennis
355,10.954752,1.52838709681265,16,Tennis
356,11.163648,1.52838709681265,16,Tennis
357,11.3664,1.52838709681265,16,Tennis
358,11.564032,1.52854838710158,16,Tennis
359,11.767808,1.52516129043314,16,Tennis
360,11.983872,1.52177419376469,16,Tennis
361,12.19072,1.51967741964806,16,Tennis
362,12.370944,1.51741935524248,16,Tennis
363,12.571648,1.51903225837215,16,Tennis
364,12.762112,1.52064516150182,16,Tennis
365,12.952576,1.52096774207969,16,Tennis
366,13.180928,1.52129032265755,16,Tennis
367,13.401088,1.52129032265755,16,Tennis
368,13.587456,1.52129032265755,16,Tennis
369,13.784064,1.52129032265755,16,Tennis
370,13.988864,1.52129032265755,16,Tennis
371,14.171136,1.52129032265755,16,Tennis
372,14.3872,1.5248387097351,16,Tennis
373,14.585856,1.52838709681265,16,Tennis
374,14.78656,1.5319354838902,16,Tennis
375,14.969856,1.53548387096774,16,Tennis
376,15.178752,1.53548387096774,16,Tennis
377,15.3856,1.53548387096774,16,Tennis
378,15.60064,1.53548387096774,16,Tennis
379,15.798272,1.53548387096774,16,Tennis
380,15.996928,1.53548387096774,16,Tennis
381,16.210944,1.53548387096774,16,Tennis
382,16.41984,1.53435483870487,16,Tennis
383,16.590848,1.533225806442,16,Tennis
384,16.805888,1.53209677417913,16,Tennis
385,16.995328,1.53096774191626,16,Tennis
386,17.200128,1.53096774191626,16,Tennis
387,17.390592,1.53096774191626,16,Tennis
388,17.590272,1.53096774191626,16,Tennis
389,17.82272,1.53096774191626,16,Tennis
390,18.021376,1.53096774191626,16,Tennis
391,18.203648,1.53096774191626,16,Tennis
392,18.408448,1.53096774191626,16,Tennis
393,18.596864,1.53096774191626,16,Tennis
394,18.787328,1.53096774191626,16,Tennis
395,18.99008,1.53096774191626,16,Tennis
396,19.1744,1.53209677417913,16,Tennis
397,19.360768,1.533225806442,16,Tennis
398,19.555328,1.53435483870487,16,Tennis
399,19.781632,1.53548387096774,16,Tennis
400,0.01536,-0.00483870967741931,8,Tennis
401,0.234496,-0.0045377792850617,8,Tennis
402,0.428032,0.0211003703455772,8,Tennis
403,0.643072,0.047850565756521,8,Tennis
404,0.84992,0.0977699095203031,8,Tennis
405,1.027072,0.161087177645776,8,Tennis
406,1.222656,0.231218817926222,8,Tennis
407,1.415168,0.305806424540858,8,Tennis
408,1.60768,0.379193539773264,8,Tennis
409,1.782784,0.460806449767082,8,Tennis
410,1.973248,0.539516129032258,8,Tennis
411,2.174976,0.626290324426466,8,Tennis
412,2.381824,0.726774188010923,8,Tennis
413,2.5856,0.818870962819745,8,Tennis
414,2.817024,0.917258058055755,8,Tennis
415,3.03104,1.01129032258065,8,Tennis
416,3.243008,1.09048386850665,8,Tennis
417,3.444736,1.16354838801968,8,Tennis
418,3.633152,1.21387096681902,8,Tennis
419,3.82464,1.24435483563331,8,Tennis
420,4.0192,1.26822580752834,8,Tennis
421,4.192256,1.29016128970731,8,Tennis
422,4.3776,1.31854838632768,8,Tennis
423,4.584448,1.34112903302716,8,Tennis
424,4.799488,1.35290322303772,8,Tennis
425,4.974592,1.35677419093347,8,Tennis
426,5.158912,1.34774193379187,8,Tennis
427,5.379072,1.34258064454602,8,Tennis
428,5.572608,1.34000000184582,8,Tennis
429,5.771264,1.33774193563769,8,Tennis
430,5.962752,1.3398387078316,8,Tennis
431,6.163456,1.34338709538983,8,Tennis
432,6.350848,1.35161290168762,8,Tennis
433,6.577152,1.36451612672498,8,Tennis
434,6.777856,1.37629032058101,8,Tennis
435,6.992896,1.38854838494332,8,Tennis
436,7.174144,1.40499999753891,8,Tennis
437,7.378944,1.42887096751121,8,Tennis
438,7.581696,1.45306451685967,8,Tennis
439,7.774208,1.47838709690878,8,Tennis
440,7.989248,1.49661290328349,8,Tennis
441,8.190976,1.50548387073701,8,Tennis
442,8.393728,1.5150000000673,8,Tennis
443,8.595456,1.52177419376469,8,Tennis
444,8.79616,1.52725806466995,8,Tennis
445,9.003008,1.53225806458823,8,Tennis
446,9.204736,1.53306451618311,8,Tennis
447,9.402368,1.53306451618311,8,Tennis
448,9.598976,1.53322580650208,8,Tennis
449,9.778176,1.53322580650208,8,Tennis
450,9.961472,1.53306451618311,8,Tennis
451,10.151936,1.53306451618311,8,Tennis
452,10.355712,1.53290322586413,8,Tennis
453,10.551296,1.53290322586413,8,Tennis
454,10.775552,1.53290322586413,8,Tennis
455,10.954752,1.53306451618311,8,Tennis
456,11.163648,1.53322580650208,8,Tennis
457,11.3664,1.53338709682106,8,Tennis
458,11.564032,1.53354838714004,8,Tennis
459,11.767808,1.53354838714004,8,Tennis
460,11.983872,1.53354838714004,8,Tennis
461,12.19072,1.53354838714004,8,Tennis
462,12.370944,1.53370967745901,8,Tennis
463,12.571648,1.53387096777799,8,Tennis
464,12.762112,1.53403225809696,8,Tennis
465,12.952576,1.53419354841594,8,Tennis
466,13.180928,1.53419354841594,8,Tennis
467,13.401088,1.53435483873491,8,Tennis
468,13.587456,1.53451612905389,8,Tennis
469,13.784064,1.53467741937286,8,Tennis
470,13.988864,1.53483870969184,8,Tennis
471,14.171136,1.53483870969184,8,Tennis
472,14.3872,1.53483870969184,8,Tennis
473,14.585856,1.53483870969184,8,Tennis
474,14.78656,1.53500000001082,8,Tennis
475,14.969856,1.53516129032979,8,Tennis
476,15.178752,1.53532258064877,8,Tennis
477,15.3856,1.53548387096774,8,Tennis
478,15.60064,1.53532258064877,8,Tennis
479,15.798272,1.53516129032979,8,Tennis
480,15.996928,1.53500000001082,8,Tennis
481,16.210944,1.53483870969184,8,Tennis
482,16.41984,1.53483870969184,8,Tennis
483,16.590848,1.53483870969184,8,Tennis
484,16.805888,1.53483870969184,8,Tennis
485,16.995328,1.53483870969184,8,Tennis
486,17.200128,1.53483870969184,8,Tennis
487,17.390592,1.53467741937286,8,Tennis
488,17.590272,1.53451612905389,8,Tennis
489,17.82272,1.53435483873491,8,Tennis
490,18.021376,1.53419354841594,8,Tennis
491,18.203648,1.53435483873491,8,Tennis
492,18.408448,1.53451612905389,8,Tennis
493,18.596864,1.53467741937286,8,Tennis
494,18.787328,1.53483870969184,8,Tennis
495,18.99008,1.53483870969184,8,Tennis
496,19.1744,1.53483870969184,8,Tennis
497,19.360768,1.53483870969184,8,Tennis
498,19.555328,1.53483870969184,8,Tennis
499,19.781632,1.53483870969184,8,Tennis
500,0.01536,-0.0129032258064516,0,Tennis
501,0.234496,-0.0101382470900012,0,Tennis
502,0.428032,0.0464436192666331,0,Tennis
503,0.643072,0.0955365273260302,0,Tennis
504,0.84992,0.185654289491715,0,Tennis
505,1.027072,0.289905597317603,0,Tennis
506,1.222656,0.366826937275548,0,Tennis
507,1.415168,0.442432206676852,0,Tennis
508,1.60768,0.512746844753142,0,Tennis
509,1.782784,0.581145305018271,0,Tennis
510,1.973248,0.65803180509998,0,Tennis
511,2.174976,0.745754983348231,0,Tennis
512,2.381824,0.843064511206842,0,Tennis
513,2.5856,0.957741932715139,0,Tennis
514,2.817024,1.07693547894878,0,Tennis
515,3.03104,1.17967741258683,0,Tennis
516,3.243008,1.26758064685329,0,Tennis
517,3.444736,1.3362903221961,0,Tennis
518,3.633152,1.38629032450338,0,Tennis
519,3.82464,1.43790322705623,0,Tennis
520,4.0192,1.47532258081821,0,Tennis
521,4.192256,1.49758064573811,0,Tennis
522,4.3776,1.51000000026918,0,Tennis
523,4.584448,1.50516129088017,0,Tennis
524,4.799488,1.49483871046574,0,Tennis
525,4.974592,1.4841935492331,0,Tennis
526,5.158912,1.47419354915619,0,Tennis
527,5.379072,1.46209677496264,0,Tennis
528,5.572608,1.45387096866485,0,Tennis
529,5.771264,1.44935484009404,0,Tennis
530,5.962752,1.44532258202953,0,Tennis
531,6.163456,1.44516129186077,0,Tennis
532,6.350848,1.44532258202953,0,Tennis
533,6.577152,1.44596774270458,0,Tennis
534,6.777856,1.44951613026281,0,Tennis
535,6.992896,1.4554838722752,0,Tennis
536,7.174144,1.46193548479388,0,Tennis
537,7.378944,1.47225806520831,0,Tennis
538,7.581696,1.48241935449262,0,Tennis
539,7.774208,1.49241935408884,0,Tennis
540,7.989248,1.50419354794487,0,Tennis
541,8.190976,1.51354838710639,0,Tennis
542,8.393728,1.52016129051485,0,Tennis
543,8.595456,1.52451612915724,0,Tennis
544,8.79616,1.52645161286477,0,Tennis
545,9.003008,1.52645161286477,0,Tennis
546,9.204736,1.52645161286477,0,Tennis
547,9.402368,1.52645161286477,0,Tennis
548,9.598976,1.52645161286477,0,Tennis
549,9.778176,1.52645161286477,0,Tennis
550,9.961472,1.52661290327387,0,Tennis
551,10.151936,1.52693548397191,0,Tennis
552,10.355712,1.52741935495888,0,Tennis
553,10.551296,1.52854838722175,0,Tennis
554,10.775552,1.53016129038146,0,Tennis
555,10.954752,1.53161290325224,0,Tennis
556,11.163648,1.53306451615307,0,Tennis
557,11.3664,1.53354838714004,0,Tennis
558,11.564032,1.53338709682106,0,Tennis
559,11.767808,1.53322580650208,0,Tennis
560,11.983872,1.53290322586413,0,Tennis
561,12.19072,1.53290322586413,0,Tennis
562,12.370944,1.53290322586413,0,Tennis
563,12.571648,1.53290322586413,0,Tennis
564,12.762112,1.53306451618311,0,Tennis
565,12.952576,1.53338709682106,0,Tennis
566,13.180928,1.53370967745901,0,Tennis
567,13.401088,1.53403225809696,0,Tennis
568,13.587456,1.53419354841594,0,Tennis
569,13.784064,1.53419354841594,0,Tennis
570,13.988864,1.53435483873491,0,Tennis
571,14.171136,1.53467741937286,0,Tennis
572,14.3872,1.53483870969184,0,Tennis
573,14.585856,1.53500000001082,0,Tennis
574,14.78656,1.53467741937286,0,Tennis
575,14.969856,1.53403225809696,0,Tennis
576,15.178752,1.53064516133839,0,Tennis
577,15.3856,1.52467741947621,0,Tennis
578,15.60064,1.51693548413534,0,Tennis
579,15.798272,1.50903225877593,0,Tennis
580,15.996928,1.50387096808803,0,Tennis
581,16.210944,1.50112903233497,0,Tennis
582,16.41984,1.50048387069856,0,Tennis
583,16.590848,1.50016128939967,0,Tennis
584,16.805888,1.49999999923091,0,Tennis
585,16.995328,1.49999999923091,0,Tennis
586,17.200128,1.49999999923091,0,Tennis
587,17.390592,1.5003225805298,0,Tennis
588,17.590272,1.50048387069856,0,Tennis
589,17.82272,1.50354838678914,0,Tennis
590,18.021376,1.5090322580549,0,Tennis
591,18.203648,1.51612903172931,0,Tennis
592,18.408448,1.52387096758091,0,Tennis
593,18.596864,1.52854838716167,0,Tennis
594,18.787328,1.53080645156724,0,Tennis
595,18.99008,1.53129032261429,0,Tennis
596,19.1744,1.53112903226528,0,Tennis
597,19.360768,1.53096774197634,0,Tennis
598,19.555328,1.53080645168741,0,Tennis
599,19.781632,1.53064516133839,0,Tennis
600,0.009216,0.00566572237960338,0,Pong
601,0.228352,0.047025496831359,0,Pong
602,0.421888,0.0698772354774367,0,Pong
603,0.636928,0.0820113227995529,0,Pong
604,0.843776,0.114518406033178,0,Pong
605,1.020928,0.128541065680744,0,Pong
606,1.216512,0.145325774173899,0,Pong
607,1.409024,0.165439089702142,0,Pong
608,1.601536,0.181373933894776,0,Pong
609,1.77664,0.200212466480374,0,Pong
610,1.967104,0.21310198273267,0,Pong
611,2.168832,0.218201134765452,0,Pong
612,2.37568,0.230099153923921,0,Pong
613,2.579456,0.24114730878187,0,Pong
614,2.81088,0.251841361394347,0,Pong
615,3.024896,0.271883853771869,0,Pong
616,3.236864,0.280169966538297,0,Pong
617,3.438592,0.284206791572463,0,Pong
618,3.627008,0.287889514361157,0,Pong
619,3.818496,0.290014161604322,0,Pong
620,4.013056,0.297733709427182,0,Pong
621,4.186112,0.302407936063772,0,Pong
622,4.371456,0.30885269418992,0,Pong
623,4.578304,0.312889519224086,0,Pong
624,4.793344,0.323441932289188,0,Pong
625,4.968448,0.340934848650319,0,Pong
626,5.152768,0.350354111566084,0,Pong
627,5.372928,0.357790373540127,0,Pong
628,5.566464,0.362889518818842,0,Pong
629,5.76512,0.363101981516938,0,Pong
630,5.956608,0.36508498245866,0,Pong
631,6.157312,0.363172804667659,0,Pong
632,6.344704,0.357719550389406,0,Pong
633,6.571008,0.356515583843415,0,Pong
634,6.771712,0.360481589103893,0,Pong
635,6.986752,0.365934843382146,0,Pong
636,7.168,0.373016992979617,0,Pong
637,7.3728,0.375708211920417,0,Pong
638,7.575552,0.378399430861216,0,Pong
639,7.768064,0.379390931332078,0,Pong
640,7.983104,0.380736540802477,0,Pong
641,8.184832,0.382577902196825,0,Pong
642,8.387584,0.381940507348469,0,Pong
643,8.589312,0.38201133049919,0,Pong
644,8.790016,0.382861191422676,0,Pong
645,8.996864,0.389447592473233,0,Pong
646,9.198592,0.398654392690902,0,Pong
647,9.396224,0.411614732093919,0,Pong
648,9.592832,0.414093484959589,0,Pong
649,9.772032,0.406940508834363,0,Pong
650,9.955328,0.396529745447737,0,Pong
651,10.145792,0.39242209726285,0,Pong
652,10.349568,0.40127478848098,0,Pong
653,10.545152,0.419617565765597,0,Pong
654,10.769408,0.435410767033823,0,Pong
655,10.948608,0.44334277755478,0,Pong
656,11.157504,0.440793201538389,0,Pong
657,11.360256,0.438101982597589,0,Pong
658,11.557888,0.439518411841676,0,Pong
659,11.761664,0.447237959664537,0,Pong
660,11.977728,0.460339941991963,0,Pong
661,12.184576,0.45970255052064,0,Pong
662,12.3648,0.457861189126293,0,Pong
663,12.565504,0.447875351135859,0,Pong
664,12.755968,0.443767702950972,0,Pong
665,12.946432,0.449291780379946,0,Pong
666,13.174784,0.450991498849885,0,Pong
667,13.394944,0.463243625319376,0,Pong
668,13.581312,0.470609064142697,0,Pong
669,13.77792,0.482932012074392,0,Pong
670,13.98272,0.491713881830318,0,Pong
671,14.164992,0.495679887090796,0,Pong
672,14.381056,0.49610481755254,0,Pong
673,14.579712,0.48888101996511,0,Pong
674,14.780416,0.488101982192345,0,Pong
675,14.963712,0.485269122015653,0,Pong
676,15.172608,0.481019829217841,0,Pong
677,15.379456,0.478895183663193,0,Pong
678,15.594496,0.472946175772475,0,Pong
679,15.792128,0.474220962092154,0,Pong
680,15.990784,0.475354107175941,0,Pong
681,16.2048,0.477266288343975,0,Pong
682,16.413696,0.487110481721484,0,Pong
683,16.584704,0.491288953057092,0,Pong
684,16.799744,0.501274787670492,0,Pong
685,16.989184,0.512960340753831,0,Pong
686,17.193984,0.517138810400922,0,Pong
687,17.384448,0.519759206191001,0,Pong
688,17.584128,0.514518412922327,0,Pong
689,17.8176,0.508286117494275,0,Pong
690,18.018304,0.508144474569866,0,Pong
691,18.198528,0.513951840380434,0,Pong
692,18.403328,0.51961756411085,0,Pong
693,18.593792,0.52478753591732,0,Pong
694,18.782208,0.520396600195099,0,Pong
695,18.98496,0.505311614393175,0,Pong
696,19.170304,0.496883851948271,0,Pong
697,19.355648,0.488739377040701,0,Pong
698,19.552256,0.490651558208736,0,Pong
699,19.78368,0.498229461418671,0,Pong
700,0.009216,0.007689186939099,8,Pong
701,0.228352,0.0307567855791735,8,Pong
702,0.421888,0.0550654215898235,8,Pong
703,0.636928,0.0737353208720177,8,Pong
704,0.843776,0.102903679477594,8,Pong
705,1.020928,0.128682711982187,8,Pong
706,1.216512,0.138526913802279,8,Pong
707,1.409024,0.154107655749443,8,Pong
708,1.601536,0.190934849866051,8,Pong
709,1.77664,0.220963176856973,8,Pong
710,1.967104,0.255594900579696,8,Pong
711,2.168832,0.28732294941759,8,Pong
712,2.37568,0.29688385188073,8,Pong
713,2.579456,0.313314444620278,8,Pong
714,2.81088,0.337747874408538,8,Pong
715,3.024896,0.364376767836617,8,Pong
716,3.236864,0.393909346280625,8,Pong
717,3.438592,0.405240793741459,8,Pong
718,3.627008,0.398229460540642,8,Pong
719,3.818496,0.383215293668147,8,Pong
720,4.013056,0.380028326180434,8,Pong
721,4.186112,0.384985831911773,8,Pong
722,4.371456,0.397733708616694,8,Pong
723,4.578304,0.407436260758311,8,Pong
724,4.793344,0.409419261700033,8,Pong
725,4.968448,0.407861189531537,8,Pong
726,5.152768,0.417847024144937,8,Pong
727,5.372928,0.425920677590303,8,Pong
728,5.566464,0.434631725884024,8,Pong
729,5.76512,0.464589233101259,8,Pong
730,5.956608,0.477407931268384,8,Pong
731,6.157312,0.488881018276593,8,Pong
732,6.344704,0.49773371118324,8,Pong
733,6.571008,0.482152975990144,8,Pong
734,6.771712,0.476558073721932,8,Pong
735,6.986752,0.477620397343514,8,Pong
736,7.168,0.488172805343066,8,Pong
737,7.3728,0.51572237862406,8,Pong
738,7.575552,0.549716714252494,8,Pong
739,7.768064,0.578753541194683,8,Pong
740,7.983104,0.58895184125002,8,Pong
741,8.184832,0.589730878178526,8,Pong
742,8.387584,0.577691217784166,8,Pong
743,8.589312,0.581869687853386,8,Pong
744,8.790016,0.603328611796706,8,Pong
745,8.996864,0.631303116383701,8,Pong
746,9.198592,0.654461756475249,8,Pong
747,9.396224,0.662747875151486,8,Pong
748,9.592832,0.658852691353212,8,Pong
749,9.772032,0.651770538378707,8,Pong
750,9.955328,0.660056657899203,8,Pong
751,10.145792,0.668413598881903,8,Pong
752,10.349568,0.678045326184281,8,Pong
753,10.545152,0.691288951436116,8,Pong
754,10.769408,0.697237959326833,8,Pong
755,10.948608,0.69135977289832,8,Pong
756,11.157504,0.68682719425169,8,Pong
757,11.360256,0.677407931335925,8,Pong
758,11.557888,0.676345607714342,8,Pong
759,11.761664,0.687818694722551,8,Pong
760,11.977728,0.69837110441062,8,Pong
761,12.184576,0.703045325981659,8,Pong
762,12.3648,0.691784703360063,8,Pong
763,12.565504,0.673300284839555,8,Pong
764,12.755968,0.654603400243916,8,Pong
765,12.946432,0.636543909652375,8,Pong
766,13.174784,0.631232295765755,8,Pong
767,13.394944,0.643059490084986,8,Pong
768,13.581312,0.661260622756677,8,Pong
769,13.77792,0.676628894407418,8,Pong
770,13.98272,0.683569403613255,8,Pong
771,14.164992,0.673016996457962,8,Pong
772,14.381056,0.656728044954305,8,Pong
773,14.579712,0.641926345845458,8,Pong
774,14.780416,0.641501417072231,8,Pong
775,14.963712,0.651558073992094,8,Pong
776,15.172608,0.66550991555449,8,Pong
777,15.379456,0.684419262848225,8,Pong
778,15.594496,0.691926344595955,8,Pong
779,15.792128,0.693201132604151,8,Pong
780,15.990784,0.691501415822729,8,Pong
781,16.2048,0.683994334074998,8,Pong
782,16.413696,0.679745042965703,8,Pong
783,16.584704,0.678611897881916,8,Pong
784,16.799744,0.677762038646947,8,Pong
785,16.989184,0.676558073789472,8,Pong
786,17.193984,0.668555240117794,8,Pong
787,17.384448,0.662039660529442,8,Pong
788,17.584128,0.651841361529429,8,Pong
789,17.8176,0.656090652638724,8,Pong
790,18.018304,0.658994335966137,8,Pong
791,18.198528,0.663597734386455,8,Pong
792,18.403328,0.669900849588194,8,Pong
793,18.593792,0.670254956899216,8,Pong
794,18.782208,0.67167138783182,8,Pong
795,18.98496,0.666855523336373,8,Pong
796,19.170304,0.663243625386916,8,Pong
797,19.355648,0.660339942059503,8,Pong
798,19.552256,0.669334276202042,8,Pong
799,19.78368,0.68002832881452,8,Pong
800,0.009216,0.00566572237960338,16,Pong
801,0.228352,0.0405099020463549,16,Pong
802,0.421888,0.0741265254610546,16,Pong
803,0.636928,0.0865439031346999,16,Pong
804,0.843776,0.120042483462153,16,Pong
805,1.020928,0.147167135568246,16,Pong
806,1.216512,0.160906509366995,16,Pong
807,1.409024,0.18031160689616,16,Pong
808,1.601536,0.196671383239054,16,Pong
809,1.77664,0.201770535271836,16,Pong
810,1.967104,0.213243629034113,16,Pong
811,2.168832,0.228116152982198,16,Pong
812,2.37568,0.246317283965373,16,Pong
813,2.579456,0.272875357619764,16,Pong
814,2.81088,0.293909347091113,16,Pong
815,3.024896,0.312464587073826,16,Pong
816,3.236864,0.30460339970359,16,Pong
817,3.438592,0.280311612839739,16,Pong
818,3.627008,0.251628898696251,16,Pong
819,3.818496,0.222733715100599,16,Pong
820,4.013056,0.220892353706252,16,Pong
821,4.186112,0.232365440714461,16,Pong
822,4.371456,0.246104814513209,16,Pong
823,4.578304,0.265297449344278,16,Pong
824,4.793344,0.279178469444469,16,Pong
825,4.968448,0.28420679832653,16,Pong
826,5.152768,0.284844193174886,16,Pong
827,5.372928,0.279461755293287,16,Pong
828,5.566464,0.278116149199921,16,Pong
829,5.76512,0.287606235266407,16,Pong
830,5.956608,0.303824365307859,16,Pong
831,6.157312,0.320609067046946,16,Pong
832,6.344704,0.326558076626181,16,Pong
833,6.571008,0.327832866322893,16,Pong
834,6.771712,0.33038243896225,16,Pong
835,6.986752,0.337889520709981,16,Pong
836,7.168,0.363951842440424,16,Pong
837,7.3728,0.392351274112129,16,Pong
838,7.575552,0.423087819102128,16,Pong
839,7.768064,0.435623229731919,16,Pong
840,7.983104,0.433144473489216,16,Pong
841,8.184832,0.440934841085764,16,Pong
842,8.387584,0.455169968496976,16,Pong
843,8.589312,0.48966005478297,16,Pong
844,8.790016,0.528824361795744,16,Pong
845,8.996864,0.552266288580368,16,Pong
846,9.198592,0.563031161388662,16,Pong
847,9.396224,0.56940509912112,16,Pong
848,9.592832,0.580807365511383,16,Pong
849,9.772032,0.596671388241813,16,Pong
850,9.955328,0.610764872306488,16,Pong
851,10.145792,0.611827195228919,16,Pong
852,10.349568,0.605099149987566,16,Pong
853,10.545152,0.595254957111336,16,Pong
854,10.769408,0.595750708191025,16,Pong
855,10.948608,0.596317280469088,16,Pong
856,11.157504,0.597096317265679,16,Pong
857,11.360256,0.586614731071311,16,Pong
858,11.557888,0.566218130538509,16,Pong
859,11.761664,0.561048159048637,16,Pong
860,11.977728,0.567138810417807,16,Pong
861,12.184576,0.579390934882184,16,Pong
862,12.3648,0.582932011369436,16,Pong
863,12.565504,0.586898016827788,16,Pong
864,12.755968,0.578541076478282,16,Pong
865,12.946432,0.582294617668744,16,Pong
866,13.174784,0.598441926247992,16,Pong
867,13.394944,0.602266288808317,16,Pong
868,13.581312,0.599787535309454,16,Pong
869,13.77792,0.589164305847697,16,Pong
870,13.98272,0.568059489848594,16,Pong
871,14.164992,0.551345609149582,16,Pong
872,14.381056,0.542705382740194,16,Pong
873,14.579712,0.545184136239057,16,Pong
874,14.780416,0.562252125093349,16,Pong
875,14.963712,0.581019830306934,16,Pong
876,15.172608,0.5936968839139,16,Pong
877,15.379456,0.601983002801202,16,Pong
878,15.594496,0.597521246566566,16,Pong
879,15.792128,0.598725212268299,16,Pong
880,15.990784,0.611473087231937,16,Pong
881,16.2048,0.610056656721462,16,Pong
882,16.413696,0.602478752983866,16,Pong
883,16.584704,0.587322945719738,16,Pong
884,16.799744,0.575212464509558,16,Pong
885,16.989184,0.575779036629322,16,Pong
886,17.193984,0.601841360048283,16,Pong
887,17.384448,0.627974504085189,16,Pong
888,17.584128,0.643980169937901,16,Pong
889,17.8176,0.653470255160129,16,Pong
890,18.018304,0.657790367731629,16,Pong
891,18.198528,0.65849858404219,16,Pong
892,18.403328,0.662889518075894,16,Pong
893,18.593792,0.670467421285829,16,Pong
894,18.782208,0.663385268311325,16,Pong
895,18.98496,0.663526911235734,16,Pong
896,19.170304,0.661543908605495,16,Pong
897,19.355648,0.652691217387364,16,Pong
898,19.552256,0.647733710811766,16,Pong
899,19.78368,0.63895184105584,16,Pong
900,0.016384,0.237225,8,Boxing
901,0.23552,0.173964997486273,8,Boxing
902,0.429056,0.265340549690194,8,Boxing
903,0.644096,0.245132496386518,8,Boxing
904,0.850944,0.264242285539458,8,Boxing
905,1.028096,0.328820203462988,8,Boxing
906,1.22368,0.354519585375736,8,Boxing
907,1.416192,0.358473335532844,8,Boxing
908,1.608704,0.41382584558775,8,Boxing
909,1.783808,0.366380843702455,8,Boxing
910,1.974272,0.392739167609314,8,Boxing
911,2.176,0.474449993715684,8,Boxing
912,2.382848,0.629305195764701,8,Boxing
913,2.586624,0.997003956448038,8,Boxing
914,2.818048,1.5235116654098,8,Boxing
915,3.032064,2.00323334590197,8,Boxing
916,3.244032,2.20619250754118,8,Boxing
917,3.44576,2.33337145456274,8,Boxing
918,3.634176,2.35841187877059,8,Boxing
919,3.825664,2.44803018948038,8,Boxing
920,4.020224,2.46911686745882,8,Boxing
921,4.19328,2.48888563002745,8,Boxing
922,4.378624,2.31294375,8,Boxing
923,4.585472,2.28856229920785,8,Boxing
924,4.800512,2.57718605674903,8,Boxing
925,4.975616,2.74258461349805,8,Boxing
926,5.159936,3.04306964114904,8,Boxing
927,5.380096,3.22757798705101,8,Boxing
928,5.573632,3.2216473519961,8,Boxing
929,5.772288,3.38836379273335,8,Boxing
930,5.963776,3.36530022592942,8,Boxing
931,6.16448,3.37979732685884,8,Boxing
932,6.351872,3.55573920688629,8,Boxing
933,6.578176,3.48127690767844,8,Boxing
934,6.77888,3.37584354920785,8,Boxing
935,6.99392,3.21967043174903,8,Boxing
936,7.175168,3.03911586349805,8,Boxing
937,7.379968,3.14520813254118,8,Boxing
938,7.58272,3.27436396838824,8,Boxing
939,7.775232,3.48720747989019,8,Boxing
940,7.990272,3.64535745475292,8,Boxing
941,8.192,3.63217830065489,8,Boxing
942,8.394752,3.7000510542353,8,Boxing
943,8.59648,3.62888355926275,8,Boxing
944,8.797184,3.31653732434511,8,Boxing
945,9.004032,3.17156650358041,8,Boxing
946,9.20576,3.06613314510981,8,Boxing
947,9.403392,3.03186728161176,8,Boxing
948,9.6,3.31587828808626,8,Boxing
949,9.7792,3.40417871480783,8,Boxing
950,9.962496,3.51817853915294,8,Boxing
951,10.15296,3.70400483188629,8,Boxing
952,10.356736,3.75079087606668,8,Boxing
953,10.55232,3.87138024603923,8,Boxing
954,10.776576,3.96429336098433,8,Boxing
955,10.955776,3.91157668174903,8,Boxing
956,11.164672,3.75408568030198,8,Boxing
957,11.367424,3.7033458584706,8,Boxing
958,11.565056,3.71125335092942,8,Boxing
959,11.768832,3.71586603915294,8,Boxing
960,11.984896,3.97813148849805,8,Boxing
961,12.191744,4.24303270581961,8,Boxing
962,12.371968,4.2436916792353,8,Boxing
963,12.572672,4.39261627765099,8,Boxing
964,12.763136,4.40974908371369,8,Boxing
965,12.9536,4.40381857434511,8,Boxing
966,13.181952,4.31024648598433,8,Boxing
967,13.402112,4.31881288901567,8,Boxing
968,13.58848,4.41304395079215,8,Boxing
969,13.785088,4.22524073781172,8,Boxing
970,13.989888,4.3128821911176,8,Boxing
971,14.17216,4.27993427445094,8,Boxing
972,14.388224,3.99921807221174,8,Boxing
973,14.58688,4.07697523849805,8,Boxing
974,14.787584,4.16527560237646,8,Boxing
975,14.97088,4.09740297448238,8,Boxing
976,15.177728,4.20547210092942,8,Boxing
977,15.383552,4.16922931718429,8,Boxing
978,15.599616,4.11321789655685,8,Boxing
979,15.798272,4.11717161136468,8,Boxing
980,15.996928,4.27268575540781,8,Boxing
981,16.210944,4.42951790912549,8,Boxing
982,16.41984,4.50925186997255,8,Boxing
983,16.590848,4.70891629021962,8,Boxing
984,16.805888,4.62391073057651,8,Boxing
985,16.995328,4.48223458836079,8,Boxing
986,17.197056,4.58437307975292,8,Boxing
987,17.390592,4.50991071770191,8,Boxing
988,17.589248,4.41633862934112,8,Boxing
989,17.818624,4.53956389297644,8,Boxing
990,18.021376,4.52572582830588,8,Boxing
991,18.202624,4.62259278374513,8,Boxing
992,18.408448,4.73725151866277,8,Boxing
993,18.596864,4.70364462858041,8,Boxing
994,18.787328,4.69771399352551,8,Boxing
995,18.987008,4.70298565516472,8,Boxing
996,19.173376,4.73659254524708,8,Boxing
997,19.360768,4.79985261060397,8,Boxing
998,19.555328,4.84597974421183,8,Boxing
999,19.781632,4.78996826074123,8,Boxing
1000,0.016384,0.020925,0,Boxing
1001,0.23552,0.0578924980044365,0,Boxing
1002,0.429056,0.0418499987527728,0,Boxing
1003,0.644096,0.0924187498960644,0,Boxing
1004,0.850944,0.153449999896064,0,Boxing
1005,1.028096,0.264701251891628,0,Boxing
1006,1.22368,0.468371259811521,0,Boxing
1007,1.416192,0.757136262971163,0,Boxing
1008,1.608704,1.05531751962304,0,Boxing
1009,1.783808,1.31548502926826,0,Boxing
1010,1.974272,1.57181625931263,0,Boxing
1011,2.176,1.74061126463413,0,Boxing
1012,2.382848,1.73712375133038,0,Boxing
1013,2.586624,1.79013373403549,0,Boxing
1014,2.818048,1.81175623004436,0,Boxing
1015,3.032064,1.76293121008873,0,Boxing
1016,3.244032,1.79187745742798,0,Boxing
1017,3.44576,1.86581245343685,0,Boxing
1018,3.634176,2.12528247206211,0,Boxing
1019,3.825664,2.50367623536587,0,Boxing
1020,4.020224,2.85033372073174,0,Boxing
1021,4.19328,3.13142620210648,0,Boxing
1022,4.378624,3.20919743614197,0,Boxing
1023,4.585472,3.30161617283821,0,Boxing
1024,4.800512,3.43414121274948,0,Boxing
1025,4.975616,3.56178377394676,0,Boxing
1026,5.159936,3.57643127660751,0,Boxing
1027,5.380096,3.63816004257202,0,Boxing
1028,5.573632,3.82962378458977,0,Boxing
1029,5.772288,3.90320998935699,0,Boxing
1030,5.963776,3.98167873935699,0,Boxing
1031,6.16448,4.07723623137474,0,Boxing
1032,6.351872,4.12780494146347,0,Boxing
1033,6.578176,4.14559119944572,0,Boxing
1034,6.77888,4.25126247339249,0,Boxing
1035,6.99392,4.2177825053215,0,Boxing
1036,7.175168,4.18360502128601,0,Boxing
1037,7.379968,4.28857871274948,0,Boxing
1038,7.58272,4.31926868348122,0,Boxing
1039,7.775232,4.1665161462307,0,Boxing
1040,7.990272,3.88925993614197,0,Boxing
1041,8.192,3.73615877394676,0,Boxing
1042,8.394752,3.66606001596451,0,Boxing
1043,8.59648,3.70756128458977,0,Boxing
1044,8.797184,3.90076875,0,Boxing
1045,9.004032,3.83520371274948,0,Boxing
1046,9.20576,3.89170124201775,0,Boxing
1047,9.403392,3.82160248403549,0,Boxing
1048,9.6,3.61409627394676,0,Boxing
1049,9.7792,3.56492252926826,0,Boxing
1050,9.962496,3.42542252926826,0,Boxing
1051,10.15296,3.50458879523277,0,Boxing
1052,10.356736,3.75150379257202,0,Boxing
1053,10.55232,3.88612131385803,0,Boxing
1054,10.776576,4.04619756917954,0,Boxing
1055,10.955776,4.12466631917954,0,Boxing
1056,11.164672,4.15431001596451,0,Boxing
1057,11.367424,4.08909373669624,0,Boxing
1058,11.565056,3.9848174946785,0,Boxing
1059,11.768832,4.02910869412422,0,Boxing
1060,11.984896,4.00888119678497,0,Boxing
1061,12.191744,4.23591752128601,0,Boxing
1062,12.371968,4.44691131119728,0,Boxing
1063,12.572672,4.48178631119728,0,Boxing
1064,12.763136,4.57908752660751,0,Boxing
1065,12.9536,4.67603998403549,0,Boxing
1066,13.181952,4.82077115421295,0,Boxing
1067,13.402112,4.97108245210648,0,Boxing
1068,13.58848,5.0952375,0,Boxing
1069,13.785088,5.08651875,0,Boxing
1070,13.989888,5.15522254257202,0,Boxing
1071,14.17216,5.21137131385803,0,Boxing
1072,14.388224,5.34982510643005,0,Boxing
1073,14.58688,5.37249377660751,0,Boxing
1074,14.787584,5.40074244146347,0,Boxing
1075,14.97088,5.54756615953445,0,Boxing
1076,15.177728,5.58732363824844,0,Boxing
1077,15.383552,5.83772614889145,0,Boxing
1078,15.599616,5.88201741485596,0,Boxing
1079,15.798272,5.86074364356995,0,Boxing
1080,15.996928,5.94653611164093,0,Boxing
1081,16.210944,5.98071372871399,0,Boxing
1082,16.41984,6.16310996274948,0,Boxing
1083,16.590848,6.30609754257202,0,Boxing
1084,16.805888,6.37828878192902,0,Boxing
1085,16.995328,6.45117740421295,0,Boxing
1086,17.197056,6.29982003192902,0,Boxing
1087,17.390592,6.21332991485596,0,Boxing
1088,17.589248,6.1707825053215,0,Boxing
1089,17.818624,6.07731762771606,0,Boxing
1090,18.021376,6.11463386707306,0,Boxing
1091,18.202624,6.03267767028809,0,Boxing
1092,18.408448,5.97548255853653,0,Boxing
1093,18.596864,5.9639737446785,0,Boxing
1094,18.787328,5.92456495742798,0,Boxing
1095,18.987008,5.96815870742798,0,Boxing
1096,19.173376,5.9814112446785,0,Boxing
1097,19.360768,5.95665002660751,0,Boxing
1098,19.555328,5.9148,0,Boxing
1099,19.781632,5.98873496274948,0,Boxing
1100,0.016384,0.179166666666667,16,Boxing
1101,0.23552,0.121250000596046,16,Boxing
1102,0.429056,0.150277775526047,16,Boxing
1103,0.644096,0.213333328068256,16,Boxing
1104,0.850944,0.264583328862985,16,Boxing
1105,1.028096,0.440416665871938,16,Boxing
1106,1.22368,0.747916680574417,16,Boxing
1107,1.416192,1.08333336512248,16,Boxing
1108,1.608704,1.51125003099442,16,Boxing
1109,1.783808,1.96750004291534,16,Boxing
1110,1.974272,2.29687499205271,16,Boxing
1111,2.176,2.53916664123535,16,Boxing
1112,2.382848,2.77208331425985,16,Boxing
1113,2.586624,2.89895831743876,16,Boxing
1114,2.818048,2.95562500953674,16,Boxing
1115,3.032064,3.02249999046326,16,Boxing
1116,3.244032,3.15583335558573,16,Boxing
1117,3.44576,3.24958335558573,16,Boxing
1118,3.634176,3.44062506357829,16,Boxing
1119,3.825664,3.64020843505859,16,Boxing
1120,4.020224,3.69541672070821,16,Boxing
1121,4.19328,3.74104169209798,16,Boxing
1122,4.378624,3.75312498410543,16,Boxing
1123,4.585472,3.75749996503194,16,Boxing
1124,4.800512,3.80687494277954,16,Boxing
1125,4.975616,3.90520830154419,16,Boxing
1126,5.159936,3.93041661580404,16,Boxing
1127,5.380096,4.00916659037272,16,Boxing
1128,5.573632,4.10916665395101,16,Boxing
1129,5.772288,4.18874998092651,16,Boxing
1130,5.963776,4.32854170799255,16,Boxing
1131,6.16448,4.38562507629395,16,Boxing
1132,6.351872,4.47270841598511,16,Boxing
1133,6.578176,4.6300000667572,16,Boxing
1134,6.77888,4.83083338737488,16,Boxing
1135,6.99392,5.11375009218852,16,Boxing
1136,7.175168,5.33291668891907,16,Boxing
1137,7.379968,5.50291676521301,16,Boxing
1138,7.58272,5.62270835240682,16,Boxing
1139,7.775232,5.69187501271566,16,Boxing
1140,7.990272,5.76604178746541,16,Boxing
1141,8.192,5.85062506993612,16,Boxing
1142,8.394752,5.98583351771037,16,Boxing
1143,8.59648,6.04750016530355,16,Boxing
1144,8.797184,6.07687508265177,16,Boxing
1145,9.004032,6.06645841598511,16,Boxing
1146,9.20576,6.0487499554952,16,Boxing
1147,9.403392,5.99854154586792,16,Boxing
1148,9.6,5.90083316167196,16,Boxing
1149,9.7792,5.86604153315226,16,Boxing
1150,9.962496,5.82208334604899,16,Boxing
1151,10.15296,5.87479181289673,16,Boxing
1152,10.356736,6.0208335240682,16,Boxing
1153,10.55232,5.99562520980835,16,Boxing
1154,10.776576,6.00375019709269,16,Boxing
1155,10.955776,6.0741668065389,16,Boxing
1156,11.164672,6.10958340962728,16,Boxing
1157,11.367424,6.23416665395101,16,Boxing
1158,11.565056,6.30958321889242,16,Boxing
1159,11.768832,6.35687481562297,16,Boxing
1160,11.984896,6.34999993642171,16,Boxing
1161,12.191744,6.34687490463257,16,Boxing
1162,12.371968,6.30958321889242,16,Boxing
1163,12.572672,6.27624991734823,16,Boxing
1164,12.763136,6.29124994277954,16,Boxing
1165,12.9536,6.29104172388713,16,Boxing
1166,13.181952,6.24541683197022,16,Boxing
1167,13.402112,6.27916688919067,16,Boxing
1168,13.58848,6.25270846684774,16,Boxing
1169,13.785088,6.31062510808309,16,Boxing
1170,13.989888,6.45875012079875,16,Boxing
1171,14.17216,6.4541667620341,16,Boxing
1172,14.388224,6.46791683832804,16,Boxing
1173,14.58688,6.45604184468587,16,Boxing
1174,14.787584,6.37875019709269,16,Boxing
1175,14.97088,6.3100001335144,16,Boxing
1176,15.177728,6.30375006993612,16,Boxing
1177,15.383552,6.25166673660278,16,Boxing
1178,15.599616,6.25874999364217,16,Boxing
1179,15.798272,6.30708332061768,16,Boxing
1180,15.996928,6.28666658401489,16,Boxing
1181,16.210944,6.35916649500529,16,Boxing
1182,16.41984,6.31729145050049,16,Boxing
1183,16.590848,6.23395811716716,16,Boxing
1184,16.805888,6.24562489191691,16,Boxing
1185,16.995328,6.1631249109904,16,Boxing
1186,17.197056,6.19666659037272,16,Boxing
1187,17.390592,6.29937493006388,16,Boxing
1188,17.589248,6.32479162216187,16,Boxing
1189,17.818624,6.3612499554952,16,Boxing
1190,18.021376,6.40270824432373,16,Boxing
1191,18.202624,6.38354161580404,16,Boxing
1192,18.408448,6.41749989191691,16,Boxing
1193,18.596864,6.40041656494141,16,Boxing
1194,18.787328,6.35729157129924,16,Boxing
1195,18.987008,6.31499993006388,16,Boxing
1196,19.173376,6.32249994277954,16,Boxing
1197,19.360768,6.36249990463257,16,Boxing
1198,19.555328,6.42333335876465,16,Boxing
1199,19.781632,6.45395838419596,16,Boxing
1200,0.018432,0.0126689189189189,8,Freeway
1201,0.237568,0.379476353928849,8,Freeway
1202,0.431104,0.499493238088247,8,Freeway
1203,0.646144,0.560684123554745,8,Freeway
1204,0.852992,0.744172302452294,8,Freeway
1205,1.030144,0.750675684696919,8,Freeway
1206,1.225728,0.758530417004147,8,Freeway
1207,1.41824,0.763851355861973,8,Freeway
1208,1.610752,0.769172294719799,8,Freeway
1209,1.785856,0.765287151207795,8,Freeway
1210,1.97632,0.75945944399447,8,Freeway
1211,2.178048,0.760557425988687,8,Freeway
1212,2.384896,0.76258445108259,8,Freeway
1213,2.588672,0.76570945817071,8,Freeway
1214,2.820096,0.772804054054054,8,Freeway
1215,3.034112,0.765287151207795,8,Freeway
1216,3.24608,0.750422284409807,8,Freeway
1217,3.447808,0.739527006407042,8,Freeway
1218,3.636224,0.734712819795351,8,Freeway
1219,3.827712,0.741638492893528,8,Freeway
1220,4.022272,0.752111480042741,8,Freeway
1221,4.195328,0.763175680830672,8,Freeway
1222,4.380672,0.770861490352734,8,Freeway
1223,4.58752,0.772550685985668,8,Freeway
1224,4.80256,0.774239865509239,8,Freeway
1225,4.977664,0.774070942724073,8,Freeway
1226,5.161984,0.761655407982904,8,Freeway
1227,5.382144,0.751858111974355,8,Freeway
1228,5.57568,0.741047311473537,8,Freeway
1229,5.774336,0.728969606193336,8,Freeway
1230,5.965824,0.721875010309993,8,Freeway
1231,6.166528,0.719679062430923,8,Freeway
1232,6.35392,0.718581080436707,8,Freeway
1233,6.580224,0.718581080436707,8,Freeway
1234,6.780928,0.721283780561911,8,Freeway
1235,6.995968,0.733192563056946,8,Freeway
1236,7.177216,0.746537157007166,8,Freeway
1237,7.382016,0.754729718775363,8,Freeway
1238,7.584768,0.763006741936142,8,Freeway
1239,7.77728,0.762499989690007,8,Freeway
1240,7.99232,0.763766878360027,8,Freeway
1241,8.194048,0.769679046965934,8,Freeway
1242,8.3968,0.775591215571842,8,Freeway
1243,8.598528,0.776689181456695,8,Freeway
1244,8.799232,0.777449317880579,8,Freeway
1245,9.00608,0.777787147341548,8,Freeway
1246,9.207808,0.78133444528322,8,Freeway
1247,9.40544,0.784628375156506,8,Freeway
1248,9.602048,0.780827709146448,8,Freeway
1249,9.781248,0.780067572722564,8,Freeway
1250,9.964544,0.775422308896039,8,Freeway
1251,10.155008,0.773479729085355,8,Freeway
1252,10.358784,0.777787163450911,8,Freeway
1253,10.554368,0.78023649550773,8,Freeway
1254,10.778624,0.78437500708812,8,Freeway
1255,10.957824,0.77829393180641,8,Freeway
1256,11.16672,0.775675676964425,8,Freeway
1257,11.369472,0.771706088169201,8,Freeway
1258,11.567104,0.772128379022753,8,Freeway
1259,11.77088,0.778547299874795,8,Freeway
1260,11.986944,0.78116555471678,8,Freeway
1261,12.193792,0.783699332056819,8,Freeway
1262,12.374016,0.780743247753865,8,Freeway
1263,12.57472,0.778885129335764,8,Freeway
1264,12.765184,0.780152018005783,8,Freeway
1265,12.955648,0.780405402183533,8,Freeway
1266,13.184,0.780574324968699,8,Freeway
1267,13.40416,0.783192579810684,8,Freeway
1268,13.590528,0.780067572722564,8,Freeway
1269,13.787136,0.778969590728347,8,Freeway
1270,13.991936,0.776097967817977,8,Freeway
1271,14.174208,0.773310806300189,8,Freeway
1272,14.390272,0.774493249686989,8,Freeway
1273,14.588928,0.774324326901822,8,Freeway
1274,14.789632,0.777027027027027,8,Freeway
1275,14.972928,0.779898649937398,8,Freeway
1276,15.179776,0.780152018005783,8,Freeway
1277,15.3856,0.78344594787907,8,Freeway
1278,15.601664,0.787162168605907,8,Freeway
1279,15.80032,0.784290545695537,8,Freeway
1280,15.998976,0.78750001417624,8,Freeway
1281,16.212992,0.784966220726838,8,Freeway
1282,16.421888,0.781756768355498,8,Freeway
1283,16.592896,0.780574324968699,8,Freeway
1284,16.807936,0.777702702058328,8,Freeway
1285,16.997376,0.77905405212093,8,Freeway
1286,17.199104,0.782010120314521,8,Freeway
1287,17.39264,0.785304050187807,8,Freeway
1288,17.591296,0.783699315947455,8,Freeway
1289,17.820672,0.780067572722564,8,Freeway
1290,18.023424,0.773733113263104,8,Freeway
1291,18.204672,0.769256756112382,8,Freeway
1292,18.410496,0.763513510291641,8,Freeway
1293,18.598912,0.762077698836456,8,Freeway
1294,18.789376,0.765456090102325,8,Freeway
1295,18.989056,0.766976362950093,8,Freeway
1296,19.175424,0.772719608770834,8,Freeway
1297,19.362816,0.775675676964425,8,Freeway
1298,19.557376,0.771621610667254,8,Freeway
1299,19.78368,0.772043901520806,8,Freeway
1300,0.018432,0.202702702702703,16,Freeway
1301,0.237568,0.477871637086611,16,Freeway
1302,0.431104,0.562837854161993,16,Freeway
1303,0.646144,0.603209476213197,16,Freeway
1304,0.852992,0.735135158976993,16,Freeway
1305,1.030144,0.734966236191827,16,Freeway
1306,1.225728,0.736570954322815,16,Freeway
1307,1.41824,0.741891893180641,16,Freeway
1308,1.610752,0.741807431788058,16,Freeway
1309,1.785856,0.736402015428285,16,Freeway
1310,1.97632,0.730574324324324,16,Freeway
1311,2.178048,0.732179058564676,16,Freeway
1312,2.384896,0.732432426633062,16,Freeway
1313,2.588672,0.735641895113765,16,Freeway
1314,2.820096,0.744003379667127,16,Freeway
1315,3.034112,0.751266898335637,16,Freeway
1316,3.24608,0.754983119062475,16,Freeway
1317,3.447808,0.753378384822124,16,Freeway
1318,3.636224,0.75135135972822,16,Freeway
1319,3.827712,0.746621618399749,16,Freeway
1320,4.022272,0.752533787005656,16,Freeway
1321,4.195328,0.757770280580263,16,Freeway
1322,4.380672,0.754391905423757,16,Freeway
1323,4.58752,0.747635155110746,16,Freeway
1324,4.80256,0.738344611348333,16,Freeway
1325,4.977664,0.739104747772217,16,Freeway
1326,5.161984,0.752195957544688,16,Freeway
1327,5.382144,0.76182433076807,16,Freeway
1328,5.57568,0.773310822409553,16,Freeway
1329,5.774336,0.771114874530483,16,Freeway
1330,5.965824,0.766216226526209,16,Freeway
1331,6.166528,0.768412174405278,16,Freeway
1332,6.35392,0.771368242598869,16,Freeway
1333,6.580224,0.778631745158015,16,Freeway
1334,6.780928,0.784037145408424,16,Freeway
1335,6.995968,0.782854718130988,16,Freeway
1336,7.177216,0.772719592661471,16,Freeway
1337,7.382016,0.766216226526209,16,Freeway
1338,7.584768,0.766047303741043,16,Freeway
1339,7.77728,0.767820944657197,16,Freeway
1340,7.99232,0.773479729085355,16,Freeway
1341,8.194048,0.777787163450911,16,Freeway
1342,8.3968,0.769172310829163,16,Freeway
1343,8.598528,0.75979732178353,16,Freeway
1344,8.799232,0.751520282513386,16,Freeway
1345,9.00608,0.754138521246008,16,Freeway
1346,9.207808,0.758952707857699,16,Freeway
1347,9.40544,0.764864860354243,16,Freeway
1348,9.602048,0.777533779273162,16,Freeway
1349,9.781248,0.777027027027027,16,Freeway
1350,9.964544,0.777787163450911,16,Freeway
1351,10.155008,0.777702702058328,16,Freeway
1352,10.358784,0.774239865509239,16,Freeway
1353,10.554368,0.773141883515023,16,Freeway
1354,10.778624,0.776351335886362,16,Freeway
1355,10.957824,0.777111472310247,16,Freeway
1356,11.16672,0.775760122247644,16,Freeway
1357,11.369472,0.768158774118166,16,Freeway
1358,11.567104,0.766638501270397,16,Freeway
1359,11.77088,0.767145253516532,16,Freeway
1360,11.986944,0.765202689815212,16,Freeway
1361,12.193792,0.77407092661471,16,Freeway
1362,12.374016,0.77407092661471,16,Freeway
1363,12.57472,0.774493233577625,16,Freeway
1364,12.765184,0.777702685948965,16,Freeway
1365,12.955648,0.773564174368575,16,Freeway
1366,13.184,0.774662156362791,16,Freeway
1367,13.40416,0.775422292786675,16,Freeway
1368,13.590528,0.776858104241861,16,Freeway
1369,13.787136,0.780236479398366,16,Freeway
1370,13.991936,0.779983095220617,16,Freeway
1371,14.174208,0.778547283765432,16,Freeway
1372,14.390272,0.776858104241861,16,Freeway
1373,14.588928,0.775084463325707,16,Freeway
1374,14.789632,0.773395283802136,16,Freeway
1375,14.972928,0.775000018042487,16,Freeway
1376,15.179776,0.778631777376742,16,Freeway
1377,15.3856,0.784797314051035,16,Freeway
1378,15.601664,0.787162168605907,16,Freeway
1379,15.80032,0.786570938857826,16,Freeway
1380,15.998976,0.782770256738405,16,Freeway
1381,16.212992,0.779729711042868,16,Freeway
1382,16.421888,0.777787147341548,16,Freeway
1383,16.592896,0.776604720064112,16,Freeway
1384,16.807936,0.775844583640227,16,Freeway
1385,16.997376,0.775675676964425,16,Freeway
1386,17.199104,0.775253386110873,16,Freeway
1387,17.39264,0.776604736173475,16,Freeway
1388,17.591296,0.780320956900313,16,Freeway
1389,17.820672,0.780827709146448,16,Freeway
1390,18.023424,0.783361486486486,16,Freeway
1391,18.204672,0.782010136423884,16,Freeway
1392,18.410496,0.780743247753865,16,Freeway
1393,18.598912,0.778631761267379,16,Freeway
1394,18.789376,0.779983111329981,16,Freeway
1395,18.989056,0.783277025093903,16,Freeway
1396,19.175424,0.784797297941672,16,Freeway
1397,19.362816,0.785472972972973,16,Freeway
1398,19.557376,0.782263520601633,16,Freeway
1399,19.78368,0.77922299101546,16,Freeway
1400,0.018432,0,0,Freeway
1401,0.237568,0.00152027033068038,0,Freeway
1402,0.431104,0.238175669701787,0,Freeway
1403,0.646144,0.364273640301985,0,Freeway
1404,0.852992,0.547043905417259,0,Freeway
1405,1.030144,0.732263503847895,0,Freeway
1406,1.225728,0.738766886092521,0,Freeway
1407,1.41824,0.739104731662853,0,Freeway
1408,1.610752,0.738513518024135,0,Freeway
1409,1.785856,0.735472972328598,0,Freeway
1410,1.97632,0.730236478753992,0,Freeway
1411,2.178048,0.731587828816594,0,Freeway
1412,2.384896,0.734459451726965,0,Freeway
1413,2.588672,0.742060799856444,0,Freeway
1414,2.820096,0.75143580501144,0,Freeway
1415,3.034112,0.753885120958895,0,Freeway
1416,3.24608,0.759543905387054,0,Freeway
1417,3.447808,0.760726348773853,0,Freeway
1418,3.636224,0.762584467191954,0,Freeway
1419,3.827712,0.763260142223255,0,Freeway
1420,4.022272,0.757010144156379,0,Freeway
1421,4.195328,0.751435821120803,0,Freeway
1422,4.380672,0.749324334634317,0,Freeway
1423,4.58752,0.75253380311502,0,Freeway
1424,4.80256,0.761824346877433,0,Freeway
1425,4.977664,0.766638533489124,0,Freeway
1426,5.161984,0.770945951745317,0,Freeway
1427,5.382144,0.770523644782401,0,Freeway
1428,5.57568,0.765287151207795,0,Freeway
1429,5.774336,0.766976330731366,0,Freeway
1430,5.965824,0.761824314658706,0,Freeway
1431,6.166528,0.752956077859208,0,Freeway
1432,6.35392,0.747635139001382,0,Freeway
1433,6.580224,0.739189193055436,0,Freeway
1434,6.780928,0.743412166028409,0,Freeway
1435,6.995968,0.75135135972822,0,Freeway
1436,7.177216,0.757854725863482,0,Freeway
1437,7.382016,0.752956077859208,0,Freeway
1438,7.584768,0.740540527008675,0,Freeway
1439,7.77728,0.738091194951856,0,Freeway
1440,7.99232,0.735810801789567,0,Freeway
1441,8.194048,0.745861481975865,0,Freeway
1442,8.3968,0.758868246465116,0,Freeway
1443,8.598528,0.760219596527718,0,Freeway
1444,8.799232,0.764949321746826,0,Freeway
1445,9.00608,0.76697634684073,0,Freeway
1446,9.207808,0.763091203328725,0,Freeway
1447,9.40544,0.759206075926085,0,Freeway
1448,9.602048,0.75971282817222,0,Freeway
1449,9.781248,0.762077698836456,0,Freeway
1450,9.964544,0.766469594594595,0,Freeway
1451,10.155008,0.770185815321432,0,Freeway
1452,10.358784,0.769256772221746,0,Freeway
1453,10.554368,0.767314192411062,0,Freeway
1454,10.778624,0.767229731018479,0,Freeway
1455,10.957824,0.764949321746826,0,Freeway
1456,11.16672,0.76478039896166,0,Freeway
1457,11.369472,0.764864860354243,0,Freeway
1458,11.567104,0.766554055987178,0,Freeway
1459,11.77088,0.768158790227529,0,Freeway
1460,11.986944,0.770354738106599,0,Freeway
1461,12.193792,0.771621642885981,0,Freeway
1462,12.374016,0.770270292823379,0,Freeway
1463,12.57472,0.774831095257321,0,Freeway
1464,12.765184,0.774915556649904,0,Freeway
1465,12.955648,0.772888515446637,0,Freeway
1466,13.184,0.770945951745317,0,Freeway
1467,13.40416,0.767229731018479,0,Freeway
1468,13.590528,0.766300671809428,0,Freeway
1469,13.787136,0.769172294719799,0,Freeway
1470,13.991936,0.769087833327216,0,Freeway
1471,14.174208,0.768918926651413,0,Freeway
1472,14.390272,0.767145269625896,0,Freeway
1473,14.588928,0.763513526401004,0,Freeway
1474,14.789632,0.764611492285857,0,Freeway
1475,14.972928,0.764864860354243,0,Freeway
1476,15.179776,0.764104740039722,0,Freeway
1477,15.3856,0.768158790227529,0,Freeway
1478,15.601664,0.769425678897548,0,Freeway
1479,15.80032,0.770439199499182,0,Freeway
1480,15.998976,0.770861490352734,0,Freeway
1481,16.212992,0.768158790227529,0,Freeway
1482,16.421888,0.764189201432305,0,Freeway
1483,16.592896,0.763513526401004,0,Freeway
1484,16.807936,0.765118260641356,0,Freeway
1485,16.997376,0.767652037981394,0,Freeway
1486,17.199104,0.769341233614329,0,Freeway
1487,17.39264,0.765793935672657,0,Freeway
1488,17.591296,0.764527030893274,0,Freeway
1489,17.820672,0.759121630642865,0,Freeway
1490,18.023424,0.758952707857699,0,Freeway
1491,18.204672,0.759374998711251,0,Freeway
1492,18.410496,0.758445955611564,0,Freeway
1493,18.598912,0.759966228459332,0,Freeway
1494,18.789376,0.761233117129352,0,Freeway
1495,18.989056,0.764104740039722,0,Freeway
1496,19.175424,0.767989867442363,0,Freeway
1497,19.362816,0.769763508358517,0,Freeway
1498,19.557376,0.769256756112382,0,Freeway
1499,19.78368,0.770016892536266,0,Freeway
